huccode,name,Federal ownership (%),"Recent fire (% area, 10yr)",Unburned 30yr (%),High severity fire (% area),Moderate-high severity fire (% area),"Recent fire (% area, 3yr)",Reburn area (% area),Climate resiliency index,Lost meadow potential (% area),Fish of concern (# spp),Rare amphibian richness,Native fish richness (# spp),Coho salmon present,Chinook salmon present,Steelhead/rainbow trout present,Coastal cutthroat trout present,Salmonid species (# spp),Climate refugia score,Terrestrial connectivity rank,"Snowpack (peak SWE, mm)",Wildfire hazard potential,"Summer water stress (CWD, mm)",Meadow density (% area)
1805000503,Tomales Bay-Bodega Bay,5.4404541401361115,0,100,0,0,0,0,-0.12192997336387634,0,3,3,14,1,0,1,0,2,0.22190111386807607,3.625973266659388,0,198.17689514160156,774.86395263671875,0
1801020705,Yreka Creek-Shasta River,11.921698251018933,0,100,0,0,0,0,-0.6323244571685791,0.0405481482189895,3,1,9,1,1,1,0,3,0.2763511628124976,1.9691085296683084,1.6068778038024902,909.5381469726564,674.815185546875,0
1802011504,Middle Stony Creek,44.55627255332006,47.14061085723205,52.73387986886953,6.504593789577484,8.299873024225235,0,0,0.9954121708869934,1.469843046638458,0,1,7,0,0,1,0,1,0.8596612255881024,3.303248902891066,3.605186700820923,3167.77587890625,666.93206787109375,0
1801010101,North Fork Smith River,42.85900695562772,25.4103108686757,68.86488487492784,9.86342802643776,16.958625614643097,18.992970883846283,0,0.6949843168258667,0.01380218540124393,5,0,9,1,1,1,1,5,0,2.1652842564956054,7.029212951660156,2931.88232421875,404.32861328125,0
1805000101,Wooden Valley Creek-Frontal Suisun Bay Estuaries,0,21.575545062529827,78.42445493747017,0,0,0,0,-0.25575268268585205,0,3,2,20,0,0,1,0,1,0.5493030692218667,3.4663662019412427,0,284.669189453125,795.1370849609375,0
1802016204,Middle Putah Creek,58.119513127673585,77.98939491144813,21.965686970967624,0,0,0,0,0.801105797290802,0,0,2,7,0,0,1,0,1,0.543689528303353,3.988764232745872,0,488.7850036621094,672.8006591796875,0
1802016202,Pope Creek,18.66011252061655,59.29709555832094,40.70290444167972,3.229319304227829,6.27792626619339,0,0,0.5531058311462402,0,0,2,6,0,0,1,0,1,0.45283732729878,4.396553680689385,0,855.720703125,676.2669677734375,0
1802016201,Eticuera Creek,26.043250826654496,76.43082943853103,4.854114125980102,0,0,0,0,1.216099739074707,0,0,1,6,0,0,1,0,1,0.5329656887749294,4.086519722983508,0,3938.840576171875,710.6875,0
1802016203,Upper Putah Creek,16.818037376070432,33.05086602570105,23.244748876472375,0.3983747214078903,0.7132407277822495,0,0,0.4747697412967682,0,0,3,6,0,0,1,0,1,0.5232661107016142,4.1173573997786,0.05328155308961868,2460.802490234375,699.9732666015625,0
1801020603,Copco Reservoir-Klamath River,21.711190167771303,0,75.17642155073318,0,0,0,0,0.19944635033607483,0.02549143495382859,2,0,9,0,0,1,0,1,0.508936031155131,3.9537800974475745,53.26301574707031,851.44744873046875,582.2340087890625,0
1801020606,Cottonwood Creek,6.043986392656805,25.168937701982525,74.83106229801749,10.677263885736464,20.841142535209656,0,0,0.00490143895149231,7.791218639522291e-5,3,1,8,1,1,1,0,3,0.4553363134154302,3.397303752247322,20.05023765563965,1521.1539306640625,569.72259521484375,0
1801020602,John C Boyle Reservoir-Klamath River,3.591489190648843,1.3561619299065806,93.64845054674066,0,0,0,0,0.13457916676998138,0,2,0,9,0,0,1,0,1,0.4074389813389442,4.385476894652082,20.24286651611328,1538.0543212890625,596.0548095703125,0
1801020604,Jenny Creek,0.4643623868838109,0,98.32744644853548,0,0,0,0,0.01532345078885555,0,2,0,8,0,1,1,0,2,0.13051609128395586,3.4566221489865767,80.78975677490234,1434.233154296875,561.0804443359375,0
1801010102,Middle Fork Smith River,96.9083039152124,64.32990699476169,24.19146479209622,18.57757717370987,30.541840195655823,43.48554313182831,0.5441515240818262,0.692302405834198,0.08273648321782054,5,5,9,1,1,1,1,5,0.04183122444630853,3.006891433532428,23.037717819213867,2952.385009765625,277.8614807128906,0
1801010103,South Fork Smith River,93.16337336514869,18.272933939406883,69.2924388894949,5.271027982234955,8.14567506313324,6.232908740639687,0.06958242738619447,0.9181055426597596,0.1003191205560991,5,3,11,1,1,1,1,5,0.1623426192432538,3.2652040192032312,36.45576095581055,3700.966796875,282.0121154785156,0
1801010104,Smith River,32.42087509642522,0.0266659919213817,99.97333400807862,0,0,0,0,0.26314473152160645,2.9053652343507888,7,4,19,1,1,1,1,6,4.364688567501712e-4,2.535223529357889,0.02466347254812717,588.74066162109375,335.25933837890625,0
1801010201,Redwood Creek,42.88010037930425,1.860458741466582e-4,98.99146747946078,7.419973371725064e-4,0.00197607478185091,0.0071776150434743604,0,0.4482176601886749,0.8064417369204608,5,4,16,1,1,1,1,7,0.4761730434157519,2.861747119694654,2.967545509338379,829.55029296875,297.68804931640625,0.00315703248768094
1801010202,Upper Mad River,87.66094682870914,94.72964472425812,2.4245062494762215,0.00140065521918586,0.01112056343117728,0,0,0.5494274497032166,2.388069912844075,0,1,4,0,0,1,0,1,0.5270448674920426,1.9204962514220696,15.769100189208984,198.0842132568359,325.5748596191406,0.33070563025583183
1801010203,Middle Mad River,65.2298621512429,5.3236937132987805,64.51518997081497,0,0,0,0,0.25652968883514404,0.5259653137804635,2,1,6,1,0,1,0,2,0.5463876381631348,3.157643061042006,18.922082901000977,610.79681396484375,331.1429748535156,0.1676446830430708
1801010204,Lower Mad River,5.301937765630012,0.10036562213861087,99.8996343778614,0,0,0,0,0.3923650681972504,1.8341287053180364,5,4,18,1,1,1,1,5,0.6855316196141151,2.4616443113651685,3.337339162826538,540.16864013671875,320.78668212890625,0
1801010205,Big Lagoon-Frontal Pacific Ocean,1.4498680233927652,0,100,0,0,0,0,0.01726191118359565,0,8,4,16,1,1,1,1,6,0.4117765745306699,2.1671673678034624,0.02611494809389114,215.79869079589844,346.93511962890625,0
1801010206,Humboldt Bay-Frontal Pacific Ocean,8.54138681919609,0,100,0,0,0,0,-0.01959418877959251,0,8,4,16,1,1,1,1,5,0.6813874059833098,1.4099493747475869,0,116.52342224121094,381.3923034667969,0
1801010301,Rice Fork,86.72950109335771,99.7192133656555,0.2807866343444987,53.414398431777954,71.4384377002716,0,0,0.8131016492843628,0.15380140806141415,0,1,7,1,0,1,0,2,0.6730928978012165,3.539626741574706,5.733509540557861,442.9249267578125,533.2657470703125,0
1801010305,Bucknell Creek-Eel River,35.525978515696345,14.00419435840742,81.8806801706778,2.3711126297712326,5.386317893862724,0,0,0.7448102235794067,0.12724189324052357,3,1,9,1,1,1,0,3,0.7078020095723481,3.74094949352786,2.349118232727051,2304.79638671875,476.149658203125,0
1801010302,Corbin Creek-Eel River,94.30601377009016,90.67802815600956,8.936751280770972,15.509207546710968,21.750684082508087,0,0,0.7337813973426819,0.9405893930876564,1,1,7,1,1,1,0,3,0.7229544870868593,2.7001002878230893,24.181163787841797,405.0974731445313,542.4698486328125,0
1801010303,Tomki Creek,8.187904492494702,1.8822059583251376,98.11779404167488,0,0,0,0,0.683441162109375,0,3,1,6,1,1,1,0,3,0.6576230976815167,3.910410107081877,0.0426480807363987,2112.85107421875,511.6431884765625,0
1801010304,Outlet Creek,1.9314897606558297,2.060761954324432,97.93923804567557,0,0,0,0,0.2744596004486084,0,3,2,7,1,1,1,0,3,0.5743810189410512,2.7361173244016452,0.02470094338059425,525.71600341796875,491.4324951171875,0
1801010401,Black Butte River,86.46247592720927,97.59971817965015,2.2679257026659405,0,0,0,0,0.4645647704601288,0.02278430279403965,3,1,6,1,1,1,0,3,0.6427399750296303,2.528330371255125,42.35502243041992,198.0091094970703,496.2127685546875,0
1801010402,Upper Middle Fork Eel River,96.87943707836344,90.78654094080323,0.1776541086765948,0,0,0,0,0.8651032447814941,0.06310836322404495,3,1,6,1,1,1,0,3,0.45984524722679193,1.990242352273812,85.61809539794922,222.4121856689453,473.224853515625,0.1777542812024273
1801010403,Mill Creek,0.4255220352697558,0,99.9771273997219,0,0,0,0,0.35819190740585327,3.004810209665982e-4,2,1,6,1,1,1,0,3,0.5752504141894931,1.657770098400582,0.6034747958183289,827.9959716796875,568.48046875,0
1801010404,Elk Creek,69.16304509113564,72.49177243228922,27.508227567710776,0,0,0,0,0.719536304473877,0.5482819849668551,2,0,6,1,1,1,0,3,0.5506528999217045,2.7262394749123455,10.707929611206056,1443.118408203125,502.3469848632813,0
1801010405,Lower Middle Fork Eel River,35.650184079255574,23.720528991689356,69.91055193794237,0,0,0,0,0.6049787402153015,0.11082421086682592,3,1,7,1,1,1,0,3,0.5450119194068936,1.9759353641186015,6.982235431671143,2557.0732421875,486.0335693359375,0
1801010501,North Fork Eel River,49.865985402252115,59.35679738896327,40.627925459928186,0.416872464120388,0.8118902333080769,0,0,0.7835373282432556,0.0973935321577892,3,2,6,1,1,1,0,3,0.5001809595021502,1.843608774349367,5.772189617156982,449.7752075195313,436.8443298339844,0.2182491302613725
1801010502,Woodman Creek-Eel River,6.1169581155449135,0,99.963406680763,0,0,0,0,0.6369624733924866,0,3,1,9,1,1,1,0,3,0.4308275509687082,2.081385181436106,0.7813737988471985,519.1727294921875,482.5348815917969,0
1801010503,Dobbyn Creek,25.526297088212637,3.022757099117545,90.53067818817702,0,0,0,0,0.3554019629955292,0.05914872717974544,1,0,7,1,1,1,0,3,0.46589602767696703,1.9970076614053875,8.338761329650879,451.9417419433594,405.1463623046875,0.1432611258879882
1801010504,Chamise Creek-Eel River,4.32800779602171,13.402875352242448,85.44837434768462,0,0,0,0,0.4500528872013092,0,3,1,10,1,1,1,0,3,0.301308052051034,2.237866834995476,0.43485376238822937,275.1282958984375,465.8607482910156,0.16598750111006677
1801010505,Basin Creek-Eel River,1.2193942468813128,0,100,0,0,0,0,0.4782642126083374,0,3,2,12,1,1,1,0,3,0.46418445894458826,2.6675185240077437,0.02464980445802211,294.7008361816406,355.2637634277344,0
1801010506,Larabee Creek,0.9147455068324228,0,99.83754913843774,0,0,0,0,0.40268686413764954,0,3,3,10,1,1,1,0,3,0.567440317493044,2.8323749885653102,1.1861307621002195,275.86810302734375,356.8345947265625,0
1801010507,Upper Van Duzen River,68.977337284464,22.40544457871158,48.891110894078174,0,0,0,0,0.4063913822174072,1.1632612184115088,3,1,5,0,0,1,0,1,0.5252440894371935,2.639621194327624,19.801103591918945,375.69146728515625,351.23480224609375,1.2082547000073534
1801010508,Yager Creek,1.2122690892719452,0,100,0,0,0,0,0.4947838485240936,0,4,3,12,1,1,1,1,5,0.5488055440899258,2.545952429252708,0.4700029492378235,223.236083984375,349.06365966796875,0
1801010509,Lower Van Duzen River,8.466528545553206,0,94.33546057151558,0,0,0,0,0.3565961420536041,1.222731961101859,5,3,14,1,1,1,1,5,0.5433188231076763,3.0016738372584486,4.525142669677734,286.5887451171875,369.193115234375,0
1801010510,Price Creek-Eel River,0,0,100,0,0,0,0,0.13726092875003815,0,5,4,14,1,1,1,1,5,0.5374943626580613,2.558926063912458,0,184.58029174804688,374.398681640625,0
1801010601,Upper South Fork Eel River,18.433478144871213,0,85.9141891803481,0,0,0,0,0.4925000071525574,0,3,5,7,1,1,1,0,3,0.4368325586572594,2.575583025433056,0.323099285364151,397.3464050292969,423.1966857910156,0
1801010602,East Branch South Fork Eel River,8.224351156594638,0,97.28292237923148,0,0,0,0,0.505864679813385,0,2,1,7,1,1,1,0,3,0.2567779826059729,2.454436306928038,0.43097734451293945,304.35809326171875,418.32769775390625,0
1801020605,Iron Gate Reservoir-Klamath River,9.78027422910824,23.01595057271519,60.56105875895632,9.275434911251068,19.34663951396942,0,0,0.4393765330314636,0,3,0,10,1,1,1,0,3,0.13812656072495696,3.819284861672507,9.524049758911133,616.2257080078125,645.3975830078125,0
1801010105,Point Saint George-Frontal Pacific Ocean,1.3224503677026898,0,100,0,0,0,0,-0.08340910822153091,1.536223326406733e-4,5,4,17,1,1,1,1,6,1.5440777867002154e-4,1.9935987017767536,6.974046118557453e-4,50.52782440185547,458.2487487792969,0
1802011603,Kelsey Creek-Clear Lake,2.5973878976760676,6.203929490541527,91.18823275242936,0.9065289981663228,1.522293221205473,0,0,-0.3603303730487823,1.86939323296276e-5,1,4,10,0,0,1,0,1,0.5867462417167151,2.4700833620484626,0.07861191779375076,3795.003173828125,691.6015625,0
1802011604,North Fork Cache Creek,66.1301851525251,78.37169028252036,12.305930033569412,49.98946189880371,59.79461073875427,0,0,0.7829599976539612,1.7132224385481043,0,1,8,0,0,1,0,1,0.7472296656911327,2.58925707671153,0.4524730443954468,3120.211669921875,650.33172607421875,0
1802011605,Bear Creek,46.38666720508117,23.618856225959853,37.6046117888975,13.773345947265623,17.556120455265045,0,0,1.113423228263855,4.929731629570851,0,1,10,0,0,1,0,1,0.7935357273023226,3.0134802462872115,0.02189952135086059,5282.63525390625,755.75946044921875,0
1802011606,Upper Cache Creek,49.702009965575726,11.69818731638638,20.15461939702268,0,0,0,0,0.6335579752922058,0,1,2,10,0,0,1,0,1,0.6939973794922362,2.8663775471965756,0.00284441257826983,2134.797607421875,690.8564453125,0
1802011607,Lower Cache Creek,11.160374334821618,36.090092848674914,62.42215172245,0,0,0,0,0.5103874206542969,0,0,2,14,0,0,1,0,1,0.45750535973973766,3.5177857235597885,0,799.0576782226564,783.8565673828125,0
1802015101,Old Cow Creek,4.551291631188031,0,97.57883706683532,0,0,0,0,0.13510097563266754,0,3,2,5,0,1,1,0,2,0.6002766152024995,3.309643455744214,96.392913818359375,1885.954345703125,593.5650634765625,0
1802015202,Middle Fork Cottonwood Creek,29.605422460366636,15.504673896142316,60.91924743237585,0,0,0,0,0.8798443675041199,0.20970478356074815,3,1,8,0,1,1,0,2,0.6582331932451732,2.535873995174913,3.249797105789185,13453.8466796875,533.03753662109375,0.001151658811871
1802015103,Little Cow Creek,3.7523519515207058,0.8344998380579133,76.54092623445176,0.1738121616654098,0.5532232113182545,0,0,-0.02529055438935756,0.06329219845312903,3,2,12,0,1,1,0,2,0.2245976924077932,4.008940624741026,26.25984764099121,2013.705810546875,614.4002685546875,0
1802015104,Cow Creek,0.4173004073619614,0,100,0,0,0,0,0.41216832399368286,0,4,2,14,0,1,1,0,2,0.2063736846860134,3.8023177594548705,19.43404769897461,1178.683349609375,631.52581787109375,0
1802015201,Beegum Creek,75.31059669377838,81.36886886554277,17.796249111275586,0,1.873421183518e-4,0,0,0.7208497524261475,0.07783678867676286,3,1,5,0,1,1,0,2,0.7602711417206071,2.983611472163666,22.275907516479492,20350.890625,504.6145629882813,0.01258868980057926
1802015203,North Fork Cottonwood Creek,5.1239893969742925,55.137993466706114,28.553701143758985,4.746367782354355,9.955348819494247,0,0,0.9084834456443788,0,3,0,7,0,1,1,0,2,0.4140039167360161,2.9947068441671805,5.823822021484375,2894.36328125,573.4915771484375,0
1802015204,Upper South Fork Cottonwood Creek,83.88040806348315,96.73643905738795,3.2593984197256676,2.45080329477787,3.853895887732506,0,0,0.9894701838493348,0.03182957245681141,2,0,3,0,1,1,0,2,0.6481731487318013,1.98024228926159,49.40855407714844,422.58837890625,492.1788635253906,0
1802015205,Cold Fork,31.67283930401265,67.82615604927459,32.173843950725434,0,0,0,0,1.084372878074646,0.25380986826001356,2,0,3,0,1,1,0,2,0.6019125884643725,1.9269303464254448,12.842578887939451,9936.3583984375,578.37982177734375,0
1802015206,Dry Creek,5.139278748714564,48.19583241754221,49.1403281059351,0,0,0,0,1.0687599182128906,0.5380995199715327,1,1,8,0,0,1,0,1,0.5457726555541813,2.147114972058453,1.2123446464538574,18746.076171875,641.34918212890625,0
1802015207,Lower South Fork Cottonwood Creek,4.044894962407115,26.185203063125332,73.81479693687467,0,0,0,0,0.8528451323509216,0.00658883035453345,3,1,13,0,1,1,0,2,0.3921428263169826,2.4441003317196563,0.7704938650131226,3320.2763671875,664.35906982421875,0
1802015208,Cottonwood Creek,0.13627021940622103,2.510265878070971,92.68983794471993,0.03254927869420498,0.06678220815956593,0,0,0.5465035438537598,0,4,1,14,0,1,1,0,2,0.09152666550888428,2.807454317234943,0,1672.291015625,669.7095947265625,0
1802015401,Clear Creek,64.14134088249197,88.2088019234977,10.766252996298777,36.3920122385025,60.964202880859375,0,0,0.5507609248161316,0.03036306691176245,4,2,10,0,1,1,0,2,0.5755574955487693,2.847732460949467,7.466299533843994,781.45928955078125,499.1496276855469,0
1802015402,Stillwater Creek,4.252390637328798,14.0698125814587,71.65987576100687,5.810275673866272,11.114044487476349,0,0,-0.12078893184661864,0.0681209630774814,3,2,12,0,1,1,0,2,0.01180118404338641,3.4008924367904787,0,919.8511962890624,657.15802001953125,0
1802015403,Churn Creek-Sacramento River,23.244561011193785,24.079960441431545,69.35334791601228,13.055196404457092,19.74484622478485,0,0,-0.7411460280418396,0.45307717361962374,4,2,17,0,1,1,0,2,0.05882351495324772,2.851572050261299,0.17689555883407593,1743.3553466796875,683.85430908203125,0
1802015404,Bear Creek,3.239166749893729,0,98.61881238346646,0,0,0,0,0.33963775634765625,0,4,0,14,0,1,1,0,2,0.4752687871626698,3.678613717202785,4.659369945526123,1747.10009765625,605.571533203125,0
1802015405,Ash Creek-Sacramento River,0.9684039051781658,0,98.38309477740266,0,0,0,0,0.5036195516586304,0,4,1,17,0,1,1,0,2,0.10282167482208827,3.5969129430486886,0.06252886354923248,1061.787109375,684.86859130859375,0
1802015502,Reeds Creek,0.15699194899515242,0,99.87402375056404,0,0,0,0,0.6042384505271912,0,3,0,11,0,1,1,0,2,0.12606727836322967,2.819319846784038,0,902.6112670898436,693.64898681640625,0
1802015503,Red Bank Creek,7.762746627995493,17.741606839033302,77.84517921178782,0,0,0,0,1.0099841356277466,0,3,2,12,0,1,1,0,2,0.4306133093898144,2.401270485182639,0.3738760948181152,4152.4326171875,690.1358642578125,0
1802015504,Dibble Creek-Sacramento River,14.293937339732391,1.3911634954230925,86.97538266886764,0,0,0,0,0.5641205906867981,0,4,1,17,0,1,1,0,2,0.07714481440432593,3.5607459092229496,0,991.260986328125,673.68365478515625,0
1802015604,Upper Thomes Creek,63.23625255728814,92.7586389659259,2.008503875619072,0,0,0,0,0.5977776050567627,0.04055507261715879,2,1,5,0,1,1,0,2,0.675693089206783,1.6981197900247165,61.52346420288086,1272.052734375,604.11871337890625,0.0624706111781027
1802015602,Elder Creek,14.38985782601278,9.4760172959701,88.81591838341193,0,0,0,0,0.9012682437896729,0,4,0,13,0,1,1,0,2,0.5893258308005558,2.4732006650864955,11.44151782989502,8871.3310546875,657.83172607421875,0.00434649459713843
1802015605,Lower Thomes Creek,3.1752452694774083,2.7414414895756507,91.00272722402454,0,0,0,0,0.9532172083854676,0,4,1,14,0,1,1,0,2,0.4513978985936869,3.1320910147719907,0.01386454235762357,1884.9910888671875,715.34521484375,0
1801020909,Blue Creek,80.6264087959042,12.614575909350886,41.01957237461609,0.9657845832407476,2.685506083071232,7.131075859069824,0.10346157941967248,0.9206076264381408,0.2560483961601069,3,3,18,1,1,1,1,6,0.42232035975320614,2.9647578072273397,28.360370635986328,4211.08203125,270.11431884765625,0
1801020906,Ukonom Creek-Klamath River,97.73389214680948,83.94693218157792,8.119134558374297,15.62386155128479,32.68935978412628,13.538633286952972,1.9431805238127708,0.7891359329223633,0.3517248544108135,6,3,13,1,1,1,0,3,0.622092561926913,2.0372316386820297,36.649749755859375,3439.56494140625,342.68438720703125,0.1745996802452549
1801020907,Rock Creek-Klamath River,97.92538316823892,33.654316493145,51.307183874633225,4.528738930821419,11.628670245409012,13.68999183177948,0.10289293713867664,0.5461158752441406,0.42832633364844946,5,4,14,1,1,1,0,3,0.726778817432976,1.694680089412531,16.241344451904297,4137.30517578125,291.17608642578125,0.1961007745954404
1801020908,Bluff Creek-Klamath River,92.1228183869546,25.014581875346476,72.58756007328415,3.1604237854480743,7.217926532030106,10.174979269504547,0.01304143370361998,0.6307117342948914,0.2075975963445341,5,4,17,1,1,1,0,4,0.7986196487489311,2.593563990740751,24.356582641601563,4655.47998046875,317.6555480957031,0.02123436017394663
1801020910,Tectah Creek-Klamath River,4.462552957685031,0.01985636680695239,99.09243622853104,0.0040018592699198,0.01119199732784181,0.01353144325548783,0,0.4985224604606629,0.437097950810492,4,4,19,1,1,1,1,6,0.48923905310628346,2.6764491140772244,3.225595474243164,993.1666259765624,306.989990234375,0.00161288279229657
1801020911,Turwar Creek-Klamath River,6.0532973281264395,0,100,0,0,0,0,0.2980734705924988,2.652269257138724,6,4,24,1,1,1,1,7,0.03119493841618598,2.9067158716963224,0.6086889505386353,741.4541015625,326.0617370605469,0
1801021001,South Fork Salmon River,98.53172438954742,63.07798437978487,35.448617531665825,1.7476381734013555,4.5159656554460526,0,0.01050247810781002,0.922143578529358,0.17313144427239083,4,2,9,1,1,1,0,3,0.7461635252142022,2.387082452472475,200.91696166992188,7182.8115234375,377.9510498046875,0.01139346921862027
1801021002,North Fork Salmon River,98.49259126774648,41.83196417265432,25.837270819368573,10.030919313430786,18.920375406742096,1.2288602069020271,3.295357897877693,1.0140944719314575,0.16106119093183138,5,3,9,1,1,1,0,3,0.7560883343915435,2.3905843983095334,204.37155151367188,1515.535888671875,397.7957763671875,0.4054407166890545
1801021003,Wooley Creek,99.8453847472047,52.51154165045433,9.668111999426642,7.699883729219437,17.099565267562866,1.306816190481186,0.4518440458923578,1.1945546865463257,0.2466651282585344,4,2,10,1,1,1,0,3,0.7390440897466122,2.7209813161484013,186.5004425048828,6835.38720703125,409.8748168945313,1.2447748625817068
1801021004,Salmon River,99.25964675880503,25.784527761227903,4.728832354634194,3.3423975110054016,7.469680160284042,7.976150512695312,0.87657505646348,1.1313517093658447,0.12330908824752104,4,2,15,1,1,1,0,4,0.7242693456225975,2.2726758281910944,55.26156234741211,4034.071044921875,378.3364562988281,0.00257204224705099
1801021101,Coffee Creek,91.65617138347623,87.86982160267462,12.130178397325386,0,0,0,0,0.9784611463546752,3.027951478648479,0,3,5,0,0,1,0,1,0.7443576640737944,2.014404506250351,587.14630126953125,4619.98046875,415.9146728515625,0.6975181661283376
1801021102,Tangle Blue Creek-Trinity River,70.42730716761135,3.6459041228364946,96.3540958771635,0,0,0,0,0.4851117432117462,3.8143576127401055,1,3,5,0,0,1,0,2,0.7642966145933856,2.6566010040479675,423.5851745605469,1873.257080078125,405.5968017578125,1.0324306365788676
1801021103,East Fork Trinity River,54.03459893066046,9.6902985934606,90.3097014065394,4.448100179433823,6.737130135297775,0,0,0.33062344789505005,1.4836673822843125,0,3,5,0,0,1,0,1,0.6994038350150634,2.5682538830981723,304.21484375,1819.2042236328125,388.1539916992187,0.6141833326386197
1801021104,Stuart Fork,78.58762107863438,4.885590113628283,95.1144098863716,1.694333739578724,2.757081761956215,4.334796592593193,0,0.5416315197944641,1.2505132562220074,1,2,5,0,0,1,0,1,0.8203801577664451,2.5038766858592405,282.6730651855469,5288.48486328125,396.1855773925781,0.3379637943937144
1801021105,Swift Creek-Trinity River,67.80496085527135,7.640132289780864,92.23360298093328,2.316531538963318,4.0378231555223465,0,0,0.4260371327400207,1.6949023282178708,0,2,8,1,0,1,0,2,0.8106458913721621,2.215907663159254,171.8748779296875,2779.2373046875,366.0397033691406,0.16943203258853226
1801021106,Browns Creek,30.31415262326416,0,90.2677239324428,0,0,0,0,0.06061479449272156,0.00799462780231227,5,2,9,1,1,1,0,3,0.841985194412097,2.5656093448300763,12.900435447692873,14532.275390625,396.4935607910156,0.10149423813232288
1801021107,Weaver Creek-Trinity River,43.60982753604445,11.552192815287828,84.17749646900563,3.301582485437393,6.312749534845352,0,0,0.03987574577331543,0.1817701504448521,4,2,9,1,1,1,0,3,0.8320370372869644,2.6407466538777946,27.66880226135254,8720.77734375,391.74017333984375,0.287850391037806
1801021108,Canyon Creek,97.15178158689392,34.43127401152287,65.53729983975893,7.421089708805084,11.94821000099182,0,0,0.9863995909690856,0.20439083088730084,5,2,9,1,1,1,0,3,0.7775371101734145,3.0017052801467545,291.83050537109375,3330.32666015625,439.2146606445313,0
1801021109,North Fork Trinity River,99.33066843360582,48.36099663211065,31.445279851933204,0.02536288811825215,0.08021541871130466,0,0,1.120418906211853,0.07734247063659878,5,1,8,1,1,1,0,3,0.7630204325202631,3.437091330653594,198.16717529296875,11187.8583984375,448.3470458984375,0.0063256788395806
1801021110,New River,99.3142770335715,46.441052467919974,1.223731223961766,12.093951553106308,21.08382135629654,0,0.05180156440474093,1.1048310995101929,0.01079470218636794,5,2,10,1,1,1,0,3,0.7827501969449303,3.3430916291033026,61.94170379638672,2609.1201171875,377.1244201660156,0.0704215562159289
1801021111,Big French Creek-Trinity River,84.82479421735019,78.90333336033417,17.25613733017144,1.1860075406730175,2.996755763888359,0,0.01173210112028755,0.5095070600509644,0.17261150135388728,5,3,13,1,1,1,0,4,0.8283771314900096,2.9868318406631595,16.323333740234375,7151.22705078125,372.6326904296875,0.1713623371121206
1801021112,Horse Linto Creek-Trinity River,48.0155567006686,31.374676158879765,58.51269644222177,4.605211317539215,8.857154101133347,0.00658920034766197,2.302958443760872,0.4204249382019043,0.2806429664242823,4,4,15,1,1,1,0,4,0.7374274993604559,2.461867520189077,28.993436813354492,2406.16650390625,348.444091796875,0.25929538089229504
1801021204,Middle South Fork Trinity River,88.56498291928676,36.257275160354816,38.666273524862675,0,0,0,0,0.22925470769405365,0.5490451320291361,5,3,9,1,1,1,0,3,0.8754568209183089,3.04407102812446,16.0073184967041,3450.399658203125,434.4162902832031,0.16832928723466786
1801021201,Upper South Fork Trinity River,96.68790572309707,97.49598442688568,2.3305159186911673,2.763500064611435,5.3335342556238174,0,0,0.5281102657318115,0.03625264046317618,5,2,8,1,1,1,0,3,0.6857493149456692,3.1019194017936167,39.143550872802734,352.6659240722656,403.5818481445313,0.15797264296729233
1801021202,Upper Hayfork Creek,71.63812452977388,38.332146278340616,40.0489479295594,0,0,0,0.00357561293640173,0.1716241091489792,0.3235005484482829,2,2,7,0,1,1,0,2,0.8930788912033553,3.310083136604573,17.36649513244629,9166.67578125,407.6357421875,0.9392559894826856
1801021203,Lower Hayfork Creek,84.94128170032377,35.196896945323445,40.897231578557104,0,0,0,0,0.33858543634414673,0.7976270525393494,5,2,8,1,1,1,0,3,0.8770854139092352,2.7959440484045235,9.192914962768556,5605.8466796875,401.837158203125,1.7939836173589725
1801021205,Lower South Fork Trinity River,71.53754049147528,12.83692172325181,49.159412453338845,1.6503013670444489,3.127295523881912,3.973144292831421,0.1200675149448216,0.6125125885009766,0.2083125569250723,5,4,12,1,1,1,0,4,0.7436366925738245,3.0339624291933056,13.2031831741333,1919.501953125,303.85919189453125,0.5106201310841314
1802000310,Kosk Creek-Pit River,44.37115300927167,0,87.76519104096056,0,0,0,0,0.4743180274963379,0,5,1,13,0,0,1,0,1,0.7795314765365382,2.961426181077597,53.4909782409668,3216.175537109375,550.5753173828125,0
1802000311,Roaring Creek-Pit River,13.71697280589792,0,99.92130101116425,0,0,0,0,0.05192555859684944,0,0,0,10,0,0,1,0,1,0.7351545584435246,3.5663768830325617,56.767356872558594,3568.39111328125,520.4398193359375,0
1802000312,Squaw Creek,71.6186513223803,0.20857350496986315,65.52852881186885,0.31918007880449295,1.0867237113416195,4.341404512524605,0,0.9089702367782592,1.8131564101071205,0,1,8,0,0,1,0,1,0.35819903410190695,2.984838078220023,4.127004623413086,12905.0908203125,477.78466796875,0
1802000313,Pit River Arm-Shasta Lake,75.77113185135408,5.487631258575878,85.06758488169235,0.5096433218568563,1.5584977343678474,0.01649599580559879,0,0.8809238076210022,3.00030984474317,0,1,10,0,0,1,0,1,0.15557659260894374,3.0920847780293244,0.12461551278829576,10697.11328125,479.87359619140625,0
1802000401,Ash Creek,51.603367565581806,8.705583287942371,91.29441671205754,0,0,0,0,0.16918806731700897,1.5214158341256897e-4,1,1,1,0,0,1,0,1,0.7593052933022811,2.827222359147187,533.2158203125,354.4787902832031,570.75250244140625,0
1802000213,Taylor Reservoir,47.865359538737565,0.00668163581079147,86.08461281748696,0,0.00372216454707086,0,0,0.15681436657905579,0,0,0,3,0,0,1,0,1,0.4060628502942307,3.4668636736250047,43.74928665161133,1126.966552734375,687.24212646484375,0
1802000219,Widow Valley Creek-Pit River,19.282844032123716,0,98.60236635189594,0,0,0,0,-0.1580459475517273,0,0,0,8,0,0,1,0,1,0.3072866727767287,3.5145558738469487,16.634851455688477,587.44927978515625,683.878662109375,0
1802000303,Medicine Lake-Paynes Creek,78.9492798114747,0.3154745465494756,99.68452545345052,0,0,0,0,0.588569700717926,0.00320904313009754,0,1,1,0,0,1,0,1,0.6932452371741724,3.835971449880466,243.12722778320313,378.2112121582031,618.02490234375,0
1802000304,Bear Creek,50.17381720936393,1.042449673275433,98.95755032672456,0,0,0,0,0.313930481672287,0,2,1,8,0,0,1,0,1,0.8273266121321076,3.055847168503491,200.8439483642578,517.14495849609375,600.19952392578125,0
1802000305,Fall River,50.571564179019774,0.2814044661888032,98.61810115685364,0,0,0,0,0.05799642950296402,0.00646945406109614,3,0,11,0,0,1,0,1,0.44451038413903454,3.318644888443882,16.609970092773438,297.159423828125,673.8311767578125,0
1802000307,Hat Creek,77.69115951769514,19.00104116606249,60.419227945205414,8.897827565670013,13.160665333271028,0,0,0.41201168298721313,0,4,1,11,0,0,1,0,1,0.72473615368027,2.7786472062359797,227.783935546875,634.67877197265625,633.20745849609375,0
1802000308,Town of Pittville-Pit River,65.70305853955968,1.5970908136209692,78.60394307489956,0.183231383562088,0.31103005167096853,0,0,0.40644901990890503,0.01522664143753767,4,0,13,0,0,1,0,1,0.3737123138885529,3.1866203695198236,9.41800308227539,754.974609375,716.7435302734375,0
1802000309,Burney Creek,24.882177099705757,0,97.55022827850888,0,0,0,0,0.08576612919569016,0,0,0,8,0,0,1,0,1,0.8021322188365214,2.927728856721554,114.3372802734375,755.669921875,569.54705810546875,0
1802000302,Beaver Creek,78.81494369115367,0,56.80756417746002,0,0,0,0,0.1757345348596573,0,0,0,8,0,0,1,0,1,0.5493477799550904,2.8453502130579458,50.4945068359375,984.7713623046876,696.80780029296875,0
1802000503,Slate Creek-Sacramento River,42.80993383343851,53.960830503338386,43.92438307413663,19.34063881635666,30.303069949150085,0,0.12724499683827162,0.24432452023029327,0.0866133740798532,0,3,6,0,0,1,0,1,0.4801925581743513,2.7335046868607593,90.77953338623048,3936.594482421875,461.2265319824219,0
1802000504,Sacramento River Arm-Shasta Lake,69.5953461022548,56.75634635636695,33.123496933671504,9.45623740553856,22.874388098716736,0,1.556179765611887,0.7988784313201904,4.010005039354661,0,2,10,0,0,1,0,1,0.23178513272248608,3.24442669368923,1.9941776990890503,3695.5400390625,500.0496520996094,0
1802010401,South Fork Willow Creek,0.7810848691419409,0,98.66741750277612,0,0,0,0,1.103843331336975,0,0,1,11,0,0,1,0,1,0.6534899485450009,2.6231410125489214,0,1509.49072265625,763.08233642578125,0
1802011501,Little Stony Creek,49.26837919236963,48.13018660140596,41.41551450274217,25.11618435382843,35.14518439769745,0,0,1.1040120124816897,3.643509989591065,0,1,5,0,0,1,0,1,0.8485154706164427,3.1089496548207536,1.361238718032837,3604.81103515625,689.7830810546875,0
1802011502,Upper Stony Creek,81.68521886922765,64.50844310305276,21.53270239069168,17.48974770307541,28.741875290870667,0,0,1.0024503469467163,0.910585591047908,0,2,3,0,0,1,0,1,0.7701419864722638,2.874337575607613,18.665966033935547,2511.1201171875,624.39239501953125,0
1802011503,Grindstone Creek,87.5867231365622,94.38454351336784,5.6092585625303615,0,0,0,0,0.6663274765014648,0.20120028262228293,0,1,4,0,0,1,0,1,0.7065683374854856,2.9027631253550066,18.619327545166016,400.9373779296875,611.61065673828125,0
1802011505,North Fork Stony Creek,22.69147293807605,27.253799898115037,72.74620010188497,0,0,0,0,1.1866533756256104,0.7024737764265071,0,1,7,0,0,1,0,1,0.6633504386231646,3.5872717828757583,0.4306742250919342,937.7423095703124,714.20355224609375,0
1802011506,Lower Stony Creek,0.2698336189343203,0,100,0,0,0,0,0.9670111536979676,0,3,0,15,0,1,1,0,2,0.5310481847036121,3.8203653902247408,0,555.00067138671875,771.56475830078125,0
1802011601,Scotts Creek,48.65378261592221,65.0472107631688,29.735633892734516,6.913089007139206,11.689857393503187,0,0,0.39695149660110474,0,0,1,9,0,0,1,0,1,0.6332173628253276,4.268780388420451,0.06291971355676651,2024.4052734375,688.09234619140625,0
1802011602,Middle Creek,57.97097923216802,91.9483399926632,7.975331047107581,54.6317458152771,74.46194887161255,0,0,0.4820528030395508,2.593882715831088,1,1,6,0,0,1,0,1,0.7388436664944649,3.7687004854079462,0.4621827006340027,592.8575439453125,568.560302734375,0
1802000402,Mud Creek-McCloud River,42.06089936144771,0,100,0,0,0,0,0.2266669124364853,0.00564960188250663,1,2,1,0,0,1,0,1,0.8244292686143083,1.976254096861097,203.982177734375,869.0245361328125,524.168701171875,0
1802000403,Squaw Valley Creek,51.53471280301556,8.996075025448604,91.0039249745514,0.842707697302103,2.449655160307884,0,0,0.43557652831077576,0.02149761290805612,0,2,4,0,0,1,0,1,0.6538778684244944,2.864269427654785,207.00767517089844,5969.16455078125,525.92950439453125,0.00523841695948626
1802000404,Claiborne Creek-McCloud River,66.92065933918221,12.83184998739141,61.69741778083777,2.362792007625103,4.774675890803337,0,0,0.8116759657859802,0.00755189649319478,0,1,4,0,0,1,0,1,0.6384642389047441,3.2343665589557733,26.552112579345703,10706.4677734375,476.096435546875,0
1802000405,McCloud River Arm-Shasta Lake,74.66061140848025,22.089470862072428,77.6894909436885,1.7811527475714684,6.564055383205414,0,0,0.8952569365501404,4.95416961331688,0,2,10,0,0,1,0,1,0.2576783188572414,3.311551545013071,1.5955841541290283,11388.08203125,454.1578674316406,0
1802000501,Wagon Creek-Sacramento River,75.59539295496775,0,100,0,0,0,0,0.19922906160354617,0.7708433330249496,0,2,1,0,0,1,0,1,0.6851951367967233,3.3825504487768625,452.0207214355469,683.1162109375,503.5472106933594,0.7593853048600753
1802000502,Castle Creek-Sacramento River,39.86313852929727,0,100,0,0,0,0,0.16496512293815613,0.2556639027031064,0,3,1,0,0,1,0,1,0.7209107574200972,3.378851874471525,172.8904266357422,3572.23095703125,497.6265563964844,0.00226347219381152
1802010405,Logan Creek,19.695462676622828,0,100,0,0,0,0,0.4387508332729339,0,0,0,11,0,0,1,0,1,0.3065544766450797,2.8612996636888277,0,172.4471435546875,846.0028686523436,0
1802010406,Stone Corral Creek,7.891315781755072,0,96.12000174682127,0,0,0,0,0.9511645436286926,0,0,0,11,0,0,1,0,1,0.6214469340084516,3.08145050650393,0,3865.492919921875,781.94549560546875,0
1802010407,Freshwater Creek,0,0,92.8657190883139,0,0,0,0,0.7251092791557312,0,0,0,11,0,0,1,0,1,0.5723839108411538,3.0102301613481464,0,1217.0380859375,809.1011962890625,0
1802010408,Colusa Trough,8.847173096498889,0.13903286417623784,95.32911176206608,0,0,0,0,0.19010651111602783,0,2,1,15,0,1,1,0,2,0.36388565098183995,2.9268743004818147,0,1920.6458740234375,836.38311767578125,0
1801020806,Canyon Creek-Scott River,76.68747605580042,8.576104773814913,59.8409114404706,2.3871658369898796,4.941664636135101,5.596162378787994,1.3086246326565742,0.6484507918357849,0.18924586474272467,3,3,10,1,1,1,0,3,0.7466535923808922,2.8805106576324357,131.01109313964844,3728.75146484375,416.5075073242187,1.1609688352557537
1801020805,Indian Creek-Scott River,26.96092553651188,0.5517485638976617,94.21591386790486,0.09817718528211115,0.2831643680110574,0.30592186376452446,0.20810822024941444,-0.08502719551324844,4.1891369228342885,3,2,8,1,1,1,0,3,0.5865995018930883,2.1441964869691597,101.70504760742188,5052.8076171875,510.3215942382813,0.986202148694551
1801020901,Indian Creek,94.0507388124638,98.52478443271973,1.4752155672801748,61.25114560127258,74.98303651809692,0,2.3087188601493835,0.7475873827934265,0.24636074704706556,4,1,10,1,1,1,0,3,0.4804177221302016,3.181019006427331,108.0032730102539,287.31024169921875,308.3160400390625,0
1801020902,Thompson Creek-Klamath River,94.38163177360676,53.87152116547127,20.540630448897343,9.168954193592072,17.24206805229187,0,0.00231280882871942,0.6591180562973022,0.3930015557920538,3,1,11,1,1,1,0,3,0.7707380059138746,2.9436779164166573,55.94180679321289,911.297119140625,324.3684997558594,0
1801020903,Elk Creek,99.09849313892543,39.19147293236296,12.021284655886111,9.937772154808044,17.94038563966751,1.1464336887001991,2.459339238703251,0.9288290739059448,0.2241143584343541,4,1,10,1,1,1,0,3,0.716257702577879,2.6561820533365093,122.61422729492188,2713.6279296875,371.9513244628906,2.3839794173185447e-4
1801020904,Clear Creek,99.61951388881128,83.82340274699682,15.450842125104147,16.88130497932434,36.11936867237091,0.00218244240386411,0.03175234596710652,1.155156135559082,0.2507275678577303,6,1,10,1,1,1,0,3,0.41258496234617265,3.095471024951511,102.7852554321289,444.5990295410156,345.35650634765625,0
1801020905,Dillon Creek,99.74473624553208,36.87830054790302,3.313412919924652,6.661734730005264,17.251044511795044,21.779462695121765,0.4186481237411499,1.1476688385009766,0.11376688629436418,4,1,11,1,1,1,0,3,0.538095130813853,2.8718651982946928,77.9368667602539,6765.04931640625,385.1090087890625,0
1805000201,Conn Creek,0.34280242736878425,30.64346069420665,69.35653930579335,0.10562236420810224,0.34450325183570385,0,0,-0.0055240886285901,0,1,3,10,0,0,1,0,1,0.4400299925160369,4.190836962453067,0,790.82098388671875,686.44805908203125,0
1805000202,Napa River,0.2383464054350194,52.46660108667174,47.53339891332834,6.561154872179031,13.638156652450562,0,0,-0.5481137633323669,0,1,3,12,0,0,1,0,2,0.41352289121380054,3.91828878377927,0.00165082653984427,417.7708129882813,704.28076171875,0
1805000203,Sonoma Creek-Frontal San Pablo Bay Estuaries,0.07262296889939746,44.54508040510068,55.44016479707994,1.9839080050587656,4.70653660595417,0,0,-0.4613552689552307,0,1,4,9,0,0,1,0,1,0.4682157212296676,3.5137212428529314,0,404.4363098144531,729.4317626953125,0
1805000204,Tulucay Creek-Frontal San Pablo Bay Estuaries,0,11.68411492759288,88.31588507240711,0,0,0,0,-1.4903751611709597,0,2,2,19,0,0,1,0,1,0.5650957449787143,3.2822250969882525,0,196.70904541015625,781.0616455078125,0
1805000205,Carneros Creek-Frontal San Pablo Bay Estuaries,0.45673643517171286,29.730868510243216,70.26913148975677,0,0,0,0,-0.9187013506889344,0,2,1,12,0,0,1,0,1,0.4892027683891978,3.514200640168622,0,194.0598602294922,803.36175537109375,0
1805000206,Petaluma River-Frontal San Pablo Bay Estuaries,0.21216005042115263,1.273777146763772,98.72622285323622,0,0,0,0,-0.6509719491004944,0,2,5,16,0,0,1,0,1,0.4693370109934295,3.3436074072097632,0,275.03472900390625,738.257568359375,0
1805000208,San Pablo Bay,17.27413348597177,0.10881692927689736,99.8911830707231,0,0,0,0,-0.4558416306972504,0,5,2,21,0,1,1,0,4,0.2558100613353029,3.4240758637754674,0,55.9793586730957,814.057861328125,0
1805000504,Abbotts Lagoon-Frontal Pacific Ocean,19.065615666124646,0,100,0,0,0,0,0.11988849937915802,0,1,1,9,1,0,1,0,2,0.2491829216538829,2.00224769213565,0,16.085590362548828,794.3721923828125,0
1801010511,Salt River-Eel River,0.18447134010328012,0,100,0,0,0,0,-0.20808888971805573,8.09817014534178e-4,6,2,19,1,1,1,1,5,0.6135070978388145,1.3587825124084112,0,86.578857421875,484.2684631347656,0
1801010804,Navarro River,1.5047439851581006,0,94.95156014117978,0,0,0,0,0.4600015878677368,0,3,5,14,1,0,1,0,2,0.6282432863338037,2.4647965413345863,0.0073569887317717,463.0382385253906,480.73773193359375,0
1801010805,Garcia River,0.7340876935950561,0,99.9571693450652,0,0,0,0,0.5306679606437683,0,3,3,12,1,1,1,0,4,0.5955248596539107,2.901442769609779,0,201.13104248046875,440.203369140625,0
1801010806,Usal Creek-Frontal Pacific Ocean,0.0298940940714782,0,95.00863333134376,0,0,0,0,0.1973428875207901,0,3,5,10,1,1,1,0,3,0.3727857142783969,2.316359495021614,0,90.8786849975586,362.3998107910156,0
1801010807,Pudding Creek-Frontal Pacific Ocean,4.1449118022013755e-5,0,100,0,0,0,0,-0.06959021091461182,0,3,5,13,1,1,1,0,3,0.6437512980020383,1.637998711057869,0,95.15387725830078,419.4700622558594,0
1801010808,Albion River-Frontal Pacific Ocean,1.8994853219414297e-7,0,98.97787502037676,0,0,0,0,0.21805861592292783,0,3,5,13,1,1,1,0,3,0.6324629147791537,2.6796891239511846,0,151.74755859375,401.0622863769531,0
1801010809,Alder Creek-Frontal Pacific Ocean,0.6407471208974894,0,92.49621231107498,0,0,0,0,0.2103276401758194,0,5,6,12,1,1,1,0,3,0.6363368003367711,2.896070741664442,0,92.34611511230467,437.6440124511719,0
1801010901,Gualala River,0,0.2199034818810026,99.780096518119,0,0,0,0,0.5721536874771118,0,3,4,12,1,0,1,0,2,0.4112460271148344,2.994898527099572,0,357.3537292480469,512.66015625,0
1801010902,Salmon Creek-Frontal Pacific Ocean,0,1.503931500894339,98.49606849910566,0,0,0,0,-0.1933505982160568,0,4,4,12,1,0,1,0,2,0.18289601884325707,3.5441592394507735,0,93.2717514038086,533.82647705078125,0
1801011001,East Fork Russian River,5.701199682265658,37.77954374637277,62.22045625362724,8.769676089286804,16.066747903823853,0,0,0.3664894104003906,0,0,1,6,0,0,1,0,1,0.6671800719492786,3.463571772064803,0.01524630468338728,1115.656494140625,603.58135986328125,0
1801011002,Headwaters Russian River,2.187625020141464,31.963855878374886,66.38393826782347,0,0,0,0,0.2116730958223343,0,2,2,7,0,1,1,0,2,0.6192095944330257,2.5621717354791222,0.01697661727666855,520.86065673828125,560.63238525390625,0
1801011003,Big Sulphur Creek,5.390985288353941,50.00089643473653,39.29934947329971,0,0,0,0,0.4415826797485352,0,1,3,9,0,1,1,0,2,0.5897428597890504,4.80442092713891,0.13638436794281006,2004.98193359375,644.37200927734375,0
1801011004,Upper Russian River,9.562312787974314,5.04432652231952,92.05785580551546,0,0,0,0,0.2858099341392517,0,2,2,11,0,1,1,0,2,0.5921430629018695,3.38686440287907,0.02077383920550346,2881.66943359375,624.705078125,0
1801010702,Mattole River,20.94311955160075,0,98.00617869907552,0,0,0,0,0.6485903859138489,0,4,4,13,1,1,1,0,3,0.33930787647354776,2.190239298347743,0.0144909331575036,383.8271179199219,332.8948974609375,0
1801010603,Middle South Fork Eel River,5.085627798207619,0,96.84916195501988,0,0,0,0,0.272321492433548,0,3,4,8,1,1,1,0,3,0.27169614291430794,2.528831460223341,0.02799507789313793,241.98158264160156,363.8712768554687,0
1801010604,Lower South Fork Eel River,0.766847577867926,0,93.2655684651223,0,0,0,0,0.15287193655967712,0,3,3,11,1,1,1,0,3,0.30778754122233765,2.5116606219917372,0.02554964832961559,237.6270751953125,343.5751953125,0
1801010701,Bear River,0,0,100,0,0,0,0,0.6094052791595459,0,2,2,13,1,1,1,0,3,0.4157411359889041,1.4823666290291513,0.02943049557507038,211.31121826171875,332.9710388183594,0
1801010703,Cape Mendicino-Frontal Pacific Ocean,0.3830926980159785,0,100,0,0,0,0,0.3865037262439728,0,2,2,13,1,1,1,0,3,0.3874009679314765,1.1602972408099512,0,45.99430084228515,405.64361572265625,0
1801010704,Cooksie Creek-Frontal Pacific Ocean,26.520236832587425,0,91.07448747564509,0,0,0,0,0.4190422296524048,0,3,1,12,1,0,1,0,2,0.3118443581202335,2.968737936417458,0.01593460515141487,285.1500244140625,346.9169006347656,0
1801010801,Ten Mile River,0,0,100,0,0,0,0,0.4256405532360077,0,5,5,12,1,1,1,0,3,0.5733338307086794,2.8757074699285345,0.00403969828039407,287.1112060546875,389.5702209472656,0
1801010802,Noyo River,0,0,99.58071053333366,0,0,0,0,0.34607475996017456,0,3,3,12,1,1,1,0,3,0.603818817866833,3.181037691530069,9.099702001549304e-4,296.1422119140625,408.340576171875,0
1801010803,Big River,1.1924528188820998,0,97.71169526014452,0,0,0,0,0.4979706108570099,0,2,5,12,1,1,1,0,3,0.6176338623234603,2.8002994109035417,0,353.1007995605469,411.9390869140625,0
1801011005,Dry Creek,0.1944204261733253,25.209526722223796,74.76912566475897,0,0,0,0,0.2811940610408783,0,4,4,14,1,1,1,0,3,0.40315479742688715,3.395944079095767,7.012203568592668e-4,681.58184814453125,614.907958984375,0
1801011009,Lower Russian River,0,8.802562296248718,91.19743770375128,0,0,0,0,-0.6735468506813049,0,4,3,21,1,1,1,0,4,0.20121792668873095,2.83461228961218,0,347.46258544921875,593.2874755859375,0
1801011006,Middle Russian River,1.389962072434163,56.44249601164853,43.54608236987839,0,0,0,0,-0.3113662600517273,0,5,3,14,1,1,1,0,3,0.3356200775817785,3.322418779086215,0.00943875592201948,453.9599914550781,667.24578857421875,0
1801011007,Mark West Creek,0,31.87657208636453,68.12342791363422,5.174898728728294,9.769921004772186,0,0,-1.1952474117279053,0,4,4,12,1,1,1,0,3,0.300806473065388,2.603904451431208,0,266.0198974609375,730.6561889648436,0
1801011008,Austin Creek,4.11133779652816,28.629062103339876,71.37093789666012,0,0,0,0,0.391012579202652,0,3,3,12,1,1,1,0,3,0.28735823387745607,3.559334249481175,0,525.3677978515625,534.7880859375,0
1801020410,Tule Lake,100,57.517415392675886,40.796303362355026,33.48345756530762,45.97184360027313,0,0,-0.09912081062793732,0,3,0,8,0,0,1,0,1,0.3968713106820747,3.1227780150455136,23.01019287109375,88.63477325439453,772.0718994140625,0
1801020411,Copic Bay,83.21589022530137,11.051216531316564,80.36891048456056,2.937146835029125,5.481336638331413,0,0,-0.02519027516245842,0,2,0,3,0,0,0,0,0,0.3164952727221018,3.7400905554184374,15.616230964660645,1094.16650390625,768.27459716796875,0
1801020413,Badger Basin-Willow Creek,86.1876460492077,56.523183565175465,43.47681643482453,0,0,0,0,0.2026098668575287,0,0,1,1,0,0,0,0,0,0.6517654277310071,3.126703728291597,149.28549194335938,575.99615478515625,644.711181640625,0
1801020414,Lower Klamath Lake,76.10334542601271,13.71366779568835,76.69229091694133,0.6108363159000874,1.2498265132308006,0,0,-0.21827763319015503,0,0,1,6,0,0,1,0,1,0.46587587531094227,3.0957886121530245,14.559804916381836,294.2133483886719,737.51922607421875,0
1801020501,Butte Creek,67.51442196040584,16.935765898141575,78.69291326899705,2.8099633753299713,4.60575558245182,0,0,0.3284021019935608,0,0,1,2,0,0,1,0,1,0.6819307382553278,3.4883654363797043,199.2162322998047,378.9076232910156,630.11224365234375,0
1801020502,Red Rock Valley-Antelope Creek,69.58776454465985,40.63510175816694,59.36489824183306,0,0,0,0,0.10299869626760484,0,0,1,2,0,0,1,0,1,0.5968646165335182,3.507885613580438,184.0591583251953,466.7424926757813,644.0430908203125,0
1801020503,Butte Valley,29.1233691348408,2.3396351917193066,97.6603648082807,1.3876086100935936,1.9488517194986343,0,0,-0.439987450838089,0,0,0,2,0,0,1,0,1,0.3623585423584009,3.358097621434068,15.47232151031494,405.2822265625,645.2236328125,0
1801020607,Bogus Creek-Klamath River,14.319206065999133,11.142221390850354,88.77515349700575,4.14237268269062,9.634705632925034,0,0,0.05100364238023758,0,4,1,9,1,1,1,0,3,0.2441742160729067,3.5317279788380405,17.55923080444336,395.6918029785156,646.7752685546875,0
1801020608,Humbug Creek-Klamath River,65.52086248774744,24.931586593320908,64.62846999459384,14.2510324716568,18.894954025745392,0,0.19985686521977183,0.45032453536987305,0.02231362507159128,3,1,9,1,1,1,0,3,0.48219948425531745,3.2785482001786077,9.378983497619627,5243.8046875,561.2122802734375,0
1801020609,Beaver Creek,37.0769129212693,0.8964261946994116,79.10210205393402,0.11929277097806334,0.5286274012178183,0,0.7582464721053839,-0.02323167584836483,0.02818254536402126,4,1,8,1,1,1,0,3,0.7506933069329887,3.20684150878494,156.01300048828125,2108.3310546875,450.420166015625,0
1801020610,Horse Creek-Klamath River,56.86625258459306,75.39605049662792,16.940265211292193,33.440905809402466,47.302502393722534,0.9419145993888378,7.588350772857666,0.101598359644413,0.13494529138695227,5,1,9,1,1,1,0,4,0.666013152605805,1.953360879366634,48.680171966552734,2646.665771484375,461.97064208984375,0
1801020611,Seiad Creek-Klamath River,95.7151012943716,17.74798013690184,12.260710634621176,3.7613067775964737,7.717498391866684,1.505550555884838,1.2240322306752205,0.7141147255897522,0.2325172019821972,4,3,10,1,1,1,0,3,0.823888103467295,3.0160881452990083,66.25755310058594,922.7879638671876,397.7879943847656,4.865814938696488e-5
1801020701,Lake Shastina-Shasta River,45.46181033516735,24.309962277762644,75.42731580898021,10.7501283288002,14.730021357536316,0,0,-0.02249795198440551,0.12615369772887614,1,1,3,0,1,1,0,2,0.4610616611195205,2.5998382785978102,191.9326934814453,448.7142639160156,612.39984130859375,0
1801020801,East Fork Scott River,33.940983932552186,10.32069051580041,89.67930948419959,0,0,0,0,0.4470982551574707,2.5481842985222074,2,3,6,1,1,1,0,3,0.555441100452614,3.036614794721579,179.46636962890625,1137.4644775390625,429.3935546875,0.784076474747308
1801020702,Willow Creek,11.200248409728164,9.476268277404214,89.51089440729059,0,0,0,0,0.01615181379020214,0.05250716099926893,0,0,5,0,0,1,0,1,0.3329599749309773,2.2019242246322603,22.709856033325195,396.9001770019531,588.85382080078125,0
1801020703,Little Shasta River,24.973937888888106,0,100,0,0,0,0,0.18245656788349152,0,3,1,8,1,1,1,0,3,0.4480398075460323,3.9529523743239983,58.86680603027344,341.49530029296875,638.013427734375,0
1801020704,Parks Creek-Shasta River,30.897593463880582,5.277640205090608,93.06702275374168,3.130089119076729,4.136261343955994,0,0,0.09284132719039916,0.03199216780003618,3,1,8,1,1,1,0,3,0.30861397299104837,2.794302239741774,84.78257751464844,319.5995178222656,669.22576904296875,0
1801020802,French Creek-Scott River,41.3156561002363,15.6511146939352,83.90426058062953,1.6686104238033297,3.2452907413244247,0,0,0.21598488092422485,3.0249592372166716,3,3,8,1,1,1,0,3,0.5695424997291201,2.819039221089674,225.96669006347656,4054.51904296875,481.9902038574219,0.4555223305947463
1801020803,Moffett Creek,20.06958897507184,3.4795405877685592,96.52045941223145,0.0487889104988426,0.2088904147967696,0,0,0.1885771751403809,1.1942099309620111,3,0,8,1,1,1,0,3,0.5076520150993449,2.8507894693473457,16.593666076660156,3752.705078125,484.95013427734375,0.07156044773783622
1801020804,Kidder Creek-Scott River,14.754433254305992,5.725021150527511,94.1920333053365,7.984466850757599,13.35323452949524,16.01635366678238,0.8515721186995506,-0.24106761813163757,14.111451224400914,3,2,8,1,1,1,0,3,0.4170684590684183,1.819124588668824,90.31037139892578,4164.240234375,542.66937255859375,0.1710896008647129
1710031202,Winchuck River,NA,13.66614452699293,86.26954440542981,1.790248602628708,4.007042199373245,0,0,-0.06190574914216995,0,2,3,11,1,0,1,1,4,9.14187044102554e-4,1.3219948326345037,0.06265146285295486,4554.49462890625,327.39227294921875,0
1710031101,Althouse Creek,NA,48.22472149399782,51.77527850600219,21.452780067920685,26.777172088623047,0,0,0.00469575123861432,0,0,0,2,0,0,1,0,1,0.33740085597742353,3,39.95661544799805,2744.349365234375,399.3208923339844,0
1710031104,West Fork Illinois River,NA,32.79467766835577,66.98129389314306,8.919893950223923,18.32770854234695,11.926352977752686,0.06606477545574307,0.1488281488418579,0,2,3,4,1,0,1,1,4,0.0211745933336663,2.020030641139281,8.364582061767578,1733.7137451171875,412.688720703125,0
1710030901,Headwaters Applegate River,NA,20.73107826901733,77.73325293677608,1.3651867397129536,3.359605371952057,0,0.00109415223050746,0.40816938877105713,0,0,1,4,0,0,1,0,2,0.7153096223227574,3.3680475924811053,132.7666778564453,5294.68896484375,406.6457824707031,0
1710031103,East Fork Illinois River,NA,52.456461834820374,47.54353816517967,16.739298403263092,26.96187198162079,0,1.0728714987635612,0.5176080465316772,0,2,2,4,1,0,1,1,4,0.1812487796951719,2.9898630384391165,59.73484420776367,1928.7230224609375,402.03363037109375,0
1710031206,Mack Arch Cove-Pacific Ocean,NA,0,100,0,0,0,0,-0.00613976642489433,0,1,0,0,0,0,0,1,1,0.02529461884565963,1,0,1.5545257329940796,482.8955078125,0
1710031203,Whalehead Creek-Frontal Cape Ferrelo,NA,0,100,0,0,0,0,-0.7084711790084839,0,1,0,12,1,0,1,1,4,0.01012211548665234,1,0,1221.0731201171875,413.7509460449219,0
